"Code reference","Meaning","JP","EN","RU"
"ThruFlow","Application name","スルフロ","ThruFlow","ThruFlow"
"Direction","Persistent activity area connecting Tasks and Flow history","分野","Direction","Направление"
"DirectionType.neutral","Normal Direction for planned Tasks","いつでも","Normal","Обычное"
"DirectionType.habit","Direction that automatically creates recurring Tasks","習慣","Habit","Привычка"
"HabitStatus.active","Habit is active and creates scheduled Tasks","有効","Active","Активна"
"HabitStatus.paused","Habit temporarily creates no Tasks and is excluded from expected statistics","一時停止中","Paused","Приостановлена"
"HabitPause.today","Pause a Habit for the current app day only","今日は休む","Rest Today","Отдохнуть сегодня"
"HabitPause.untilDate","Pause a Habit through the selected date","期間を指定","Choose Period","Выбрать период"
"HabitPause.indefinite","Pause a Habit until manually resumed","再開するまで一時停止","Pause Until Resumed","Приостановить до возобновления"
"HabitPause.resume","Resume Habit Task generation","再開","Resume","Возобновить"
"DirectionType.nice","Optional positive Direction","できたら","Nice","Приятное"
"DefaultDirections.other","System Direction for Flow without a selected Direction","その他","Other","Другое"
"Todo","Concrete user action","タスク","Task","Задача"
"Navigation.tasks","Navigation item for the Task collection","タスク","Tasks","Задачи"
"Navigation.directions","Navigation item for the Direction collection","分野","Directions","Направления"
"TodoMeasurement.checkbox","Task completed with a checkmark","チェック","Check","Отметка"
"TodoMeasurement.focusBlocks","Task whose progress is measured in focused Blocks","集中ブロック","Focus Blocks","Фокус-блок"
"TodoMeasurement.minutes","Task whose progress is measured in focused minutes","分単位","Minutes","Минуты"
"TodoPriority.high","High Task priority","高","High","Высокий"
"TodoPriority.medium","Medium Task priority","中","Medium","Средний"
"TodoPriority.low","Low Task priority","低","Low","Низкий"
"Todo.isFlexible","Additional marker for a low-priority Task","余裕があれば","If there is room","Если останется время"
"TodoStatus.active","Active incomplete Task","進行中","Active","Активная"
"TodoStatus.completed","Completed Task","完了","Completed","Завершена"
"TodoStatus.archived","Archived Task retained for history","アーカイブ","Archived","В архиве"
"TaskBacklog.overdue","Active Tasks scheduled before today","やり残し","Overdue","Просроченные"
"TaskBacklog.unscheduled","Active Tasks without a scheduled date","日付なし","No Date","Без даты"
"Inbox","Projection of Tasks without a scheduled date","日付なし","Inbox","Входящие"
"GoalPeriod.daily","Direction goal for every day","毎日","Daily","Ежедневно"
"GoalPeriod.weekly","Direction goal for each week","毎週","Weekly","Еженедельно"
"GoalUnit.occurrences","Goal measured by completion count","回","Occurrences","раз"
"GoalUnit.focusBlocks","Goal measured in focused Blocks","集中ブロック","Flow Blocks","Flow-блоки"
"GoalUnit.minutes","Goal measured in minutes","分単位","Minutes","Минуты"
"GoalUnit.hours","Goal measured in hours","時間","Hours","Часы"
"GoalScheduleKind.everyDay","Habit schedule for every day","毎日","Every Day","Каждый день"
"GoalScheduleKind.weeklyCount","Schedule with a target completion count per week","週に数回","Times per Week","Количество раз в неделю"
"GoalScheduleKind.weekdays","Schedule for selected weekdays","曜日","Weekdays","Дни недели"
"TaskCalendarRange.oneDay","One-day Task view","日","Day","День"
"TaskCalendarRange.sevenDays","One-week Task view","週","Week","Неделя"
"TaskCalendarRange.month","One-month Task view","月","Month","Месяц"
"Navigation.flow","Navigation item for the main Flow workspace","流れ","Flow","Flow"
"FlowSession","Recorded period of focused work","集中記録","Flow","Flow"
"Flow.action","Action for starting or continuing focused work","集中","Focus","Фокус"
"Flow.count","Count of recorded focus sessions","集中回数","Flows","Сессии Flow"
"Flow.mode","Label for the focus-mode selector","集中モード","Flow Mode","Режим Flow"
"FlowMode.sprint","Mode with 12 focused minutes and a 3-minute break","短め","Sprint","Sprint"
"FlowMode.twentyFiveFive","Mode with 25 focused minutes and a 5-minute break","標準","Focus","Focus"
"FlowMode.fiftyTen","Mode with 50 focused minutes and a 10-minute break","じっくり","Deep","Deep"
"FlowMode.adaptive","Adaptive mode beginning with a short Block","自動","Auto","Авто"
"FlowPhase.idle","Flow has not been configured","未設定","Not Configured","Не настроен"
"FlowPhase.configured","Flow is configured and ready to start","準備完了","Ready","Готов"
"FlowPhase.focusing","Focused work is in progress","集中","Focus","Фокус"
"FlowPhase.paused","Flow is temporarily paused","一時停止","Paused","Пауза"
"FlowPhase.breakTime","Break between focused Blocks is in progress","休憩","Break","Перерыв"
"FlowPhase.awaitingExtensionDecision","Waiting for the next-step decision","次を選択","Choose Next","Выберите дальше"
"FlowPhase.awaitingResult","Waiting for a result or memo","結果を入力","Add Result","Добавить результат"
"FlowPhase.completed","Flow is complete","完了","Completed","Завершён"
"FlowBreak","Saved break inside a Flow series","休憩","Break","Перерыв"
"LongBreak","Long break after four accumulated Blocks","長休憩","Long Break","Длинный перерыв"
"BlockUnit","Canonical unit of 25 focused minutes","ブロック","Block","Блок"
"HalfBlockUnit","Half Block representing 12 focused minutes","0.5ブロック","0.5 Block","0,5 блока"
"Memo","Text result saved after Flow","メモ","Memo","Заметка"
"Statistics","Screen for statistics and aggregate results","統計","Statistics","Статистика"
"StatisticsMode.flow","Statistics mode for recorded focus time","集中","Focus","Фокус"
"StatisticsMode.achievement","Statistics mode for completed Tasks","タスク","Tasks","Задачи"
"Statistics.timeDistribution","Distribution of Flow time","時間配分","Time Distribution","Распределение времени"
"Statistics.byTask","Statistics grouped by Task","タスク別","By Task","По задачам"
"Statistics.byDirection","Statistics grouped by Direction","分野別","By Direction","По направлениям"
"Statistics.flowTrend","Change in Flow duration over time","集中時間の推移","Flow Trend","Динамика Flow"
"Statistics.dots","Calendar-style visualization of focused work","集中カレンダー","Dots","Календарь концентрации"
"Statistics.completion","Task completion state","達成状況","Completion","Выполнение"
"Statistics.tasks","Completed-Task count label in Statistics","達成","Tasks","Задачи"
"Statistics.thisYear","Statistics period for the current year","今年","this year","Этот год"
"Statistics.thisMonth","Statistics period for the current month","今月","This month","Этот месяц"
"History","Screen for saved Flow and Task history","履歴","History","История"
"Timeline","Timeline of Flow and breaks","タイムライン","Timeline","Временная шкала"
"Today","Current calendar day","今日","Today","Сегодня"
"AddTask","Command to create a Task","タスクを追加","Add Task","Добавить задачу"
"CompleteTask","Command to complete a Task","完了にする","Complete Task","Завершить задачу"
"ReopenTask","Command to return a Task to incomplete state","未完了に戻す","Mark Incomplete","Вернуть в незавершённые"
"Todo.hashtags","Case-insensitive Task tags stored without the hash character","ハッシュタグ","Hashtags","Хэштеги"
"TaskQuickInput","Task quick-input mini-language","クイック入力","Quick Input","Быстрый ввод"
"TaskQuickInput.directionMissing","Unknown-Direction error","「名前」という分野が見つかりません","Direction was not found","Направление не найдено"
"TaskQuickInput.addAsOther","Create a Task under the system Other Direction","「その他」に追加","Add as Other","Добавить как Другое"
"Settings.quickInputTips","Show the mini-language legend above the composer","クイック入力のヒントを表示","Show quick input tips","Показывать подсказки быстрого ввода"
"TaskQuickInput.shortcuts","Title for the contextual quick-input legend","ショートカットを使えます","Shortcuts available","Доступны быстрые команды"
"TaskQuickInput.removeToken","Command to remove a recognized token from the composer","トークンを削除","Remove token","Удалить токен"
"TaskQuickInput.createDirection","Command to create an unknown Direction from autocomplete","新しい分野を作成","Create Direction","Создать направление"
"Feedback.section","Settings section for tester and user feedback","フィードバック","Feedback","Обратная связь"
"Feedback.send","Open the public GitHub feedback form","フィードバックを送る","Send Feedback","Отправить отзыв"
"Support.coffee","Optional consumable purchase without an entitlement","コーヒーを贈る","Send a coffee","Подарить кофе"
"Support.ramen","Optional consumable purchase without an entitlement","ラーメンを贈る","Send a bowl of ramen","Подарить рамэн"
